,id,target
0,0,0
1,2,0
2,3,0
3,9,0
4,11,0
5,12,0
6,21,0
7,22,0
8,27,0
9,29,0
10,30,0
11,35,0
12,42,0
13,43,0
14,45,0
15,46,0
16,47,0
17,51,0
18,58,0
19,60,0
20,69,0
21,70,0
22,72,0
23,75,0
24,84,0
25,87,0
26,88,0
27,90,0
28,94,0
29,99,0
30,101,0
31,103,0
32,106,0
33,108,0
34,111,0
35,115,0
36,116,0
37,122,0
38,123,0
39,124,0
40,125,0
41,127,0
42,140,0
43,142,0
44,147,0
45,148,0
46,150,0
47,152,0
48,154,0
49,155,0
50,166,0
51,167,0
52,169,0
53,177,0
54,179,0
55,181,0
56,186,0
57,188,0
58,189,0
59,192,0
60,200,0
61,202,0
62,206,0
63,207,0
64,214,0
65,217,0
66,223,0
67,224,0
68,227,0
69,228,0
70,230,0
71,233,0
72,234,0
73,236,0
74,239,0
75,250,0
76,255,0
77,257,0
78,259,0
79,275,0
80,278,0
81,282,0
82,284,0
83,286,0
84,288,0
85,292,0
86,295,0
87,300,0
88,304,0
89,305,0
90,306,0
91,308,0
92,311,0
93,317,0
94,319,0
95,323,0
96,324,0
97,325,0
98,326,0
99,333,0
100,339,0
101,342,0
102,343,0
103,350,0
104,351,0
105,357,0
106,359,0
107,362,0
108,366,0
109,367,0
110,369,0
111,373,0
112,374,0
113,376,0
114,377,0
115,378,0
116,379,0
117,382,0
118,385,0
119,387,0
120,388,0
121,391,0
122,392,0
123,395,0
124,399,0
125,400,0
126,403,0
127,405,0
128,408,0
129,411,0
130,414,0
131,416,0
132,417,0
133,422,0
134,425,0
135,428,0
136,430,0
137,431,0
138,433,0
139,434,0
140,439,0
141,441,0
142,449,0
143,458,0
144,460,0
145,464,0
146,473,0
147,488,0
148,491,0
149,494,0
150,497,0
151,500,0
152,505,0
153,507,0
154,508,0
155,510,0
156,511,0
157,515,0
158,525,0
159,529,0
160,532,0
161,534,0
162,537,0
163,539,0
164,541,0
165,545,0
166,547,0
167,548,0
168,549,0
169,553,0
170,554,0
171,555,0
172,557,0
173,562,0
174,566,0
175,572,0
176,573,0
177,582,0
178,586,0
179,587,0
180,590,0
181,591,0
182,593,0
183,595,0
184,596,0
185,597,0
186,601,0
187,602,0
188,605,0
189,610,0
190,616,0
191,618,0
192,620,0
193,626,0
194,627,0
195,629,0
196,632,0
197,634,0
198,639,0
199,645,0
200,647,0
201,648,0
202,650,0
203,663,0
204,666,0
205,668,0
206,670,0
207,673,0
208,676,0
209,678,0
210,692,0
211,693,0
212,694,0
213,695,0
214,696,0
215,698,0
216,701,0
217,703,0
218,707,0
219,708,0
220,711,0
221,715,0
222,718,0
223,722,0
224,723,0
225,733,0
226,741,0
227,742,0
228,743,0
229,747,0
230,749,0
231,750,0
232,756,0
233,757,0
234,760,0
235,764,0
236,765,0
237,766,0
238,768,0
239,769,0
240,771,0
241,772,0
242,776,0
243,778,0
244,780,0
245,785,0
246,789,0
247,792,0
248,793,0
249,811,0
250,813,0
251,816,0
252,821,0
253,824,0
254,825,0
255,827,0
256,830,0
257,831,0
258,839,0
259,844,0
260,847,0
261,850,0
262,854,0
263,855,0
264,858,0
265,861,0
266,862,0
267,865,0
268,869,0
269,879,0
270,880,0
271,887,0
272,889,0
273,897,0
274,900,0
275,901,0
276,904,0
277,908,0
278,909,0
279,910,0
280,913,0
281,914,0
282,917,0
283,918,0
284,920,0
285,922,0
286,924,0
287,925,0
288,927,0
289,933,0
290,937,0
291,943,0
292,949,0
293,950,0
294,954,0
295,966,0
296,967,0
297,969,0
298,970,0
299,973,0
300,975,0
301,980,0
302,988,0
303,989,0
304,995,0
305,1000,0
306,1003,0
307,1007,0
308,1011,0
309,1012,0
310,1013,0
311,1014,0
312,1016,0
313,1019,0
314,1025,0
315,1027,0
316,1028,0
317,1030,0
318,1033,0
319,1034,0
320,1039,0
321,1046,0
322,1047,0
323,1053,0
324,1055,0
325,1056,0
326,1059,0
327,1060,0
328,1063,0
329,1064,0
330,1068,0
331,1076,0
332,1086,0
333,1087,0
334,1089,0
335,1092,0
336,1095,0
337,1096,0
338,1097,0
339,1100,0
340,1101,0
341,1107,0
342,1108,0
343,1111,0
344,1115,0
345,1116,0
346,1121,0
347,1125,0
348,1127,0
349,1131,0
350,1133,0
351,1135,0
352,1137,0
353,1140,0
354,1144,0
355,1147,0
356,1148,0
357,1150,0
358,1158,0
359,1159,0
360,1161,0
361,1163,0
362,1165,0
363,1169,0
364,1171,0
365,1172,0
366,1176,0
367,1180,0
368,1184,0
369,1186,0
370,1187,0
371,1192,0
372,1193,0
373,1194,0
374,1197,0
375,1200,0
376,1205,0
377,1210,0
378,1216,0
379,1220,0
380,1231,0
381,1233,0
382,1246,0
383,1247,0
384,1248,0
385,1255,0
386,1256,0
387,1257,0
388,1258,0
389,1260,0
390,1261,0
391,1265,0
392,1266,0
393,1268,0
394,1274,0
395,1281,0
396,1285,0
397,1286,0
398,1291,0
399,1292,0
400,1295,0
401,1299,0
402,1306,0
403,1310,0
404,1311,0
405,1313,0
406,1314,0
407,1322,0
408,1323,0
409,1325,0
410,1329,0
411,1330,0
412,1333,0
413,1336,0
414,1339,0
415,1342,0
416,1344,0
417,1355,0
418,1357,0
419,1358,0
420,1359,0
421,1364,0
422,1366,0
423,1367,0
424,1370,0
425,1373,0
426,1377,0
427,1386,0
428,1387,0
429,1392,0
430,1397,0
431,1398,0
432,1400,0
433,1403,0
434,1404,0
435,1410,0
436,1413,0
437,1416,0
438,1417,0
439,1423,0
440,1424,0
441,1426,0
442,1427,0
443,1428,0
444,1430,0
445,1434,0
446,1435,0
447,1437,0
448,1438,0
449,1442,0
450,1446,0
451,1451,0
452,1457,0
453,1461,0
454,1462,0
455,1465,0
456,1468,0
457,1469,0
458,1471,0
459,1476,0
460,1478,0
461,1481,0
462,1489,0
463,1490,0
464,1492,0
465,1496,0
466,1512,0
467,1516,0
468,1517,0
469,1528,0
470,1529,0
471,1536,0
472,1539,0
473,1541,0
474,1542,0
475,1548,0
476,1550,0
477,1551,0
478,1552,0
479,1557,0
480,1563,0
481,1564,0
482,1565,0
483,1566,0
484,1571,0
485,1578,0
486,1581,0
487,1583,0
488,1584,0
489,1586,0
490,1589,0
491,1592,0
492,1598,0
493,1606,0
494,1612,0
495,1616,0
496,1620,0
497,1624,0
498,1629,0
499,1630,0
500,1635,0
501,1640,0
502,1641,0
503,1642,0
504,1651,0
505,1655,0
506,1656,0
507,1659,0
508,1664,0
509,1667,0
510,1668,0
511,1674,0
512,1678,0
513,1680,0
514,1681,0
515,1682,0
516,1685,0
517,1695,0
518,1696,0
519,1697,0
520,1704,0
521,1708,0
522,1711,0
523,1713,0
524,1714,0
525,1717,0
526,1729,0
527,1730,0
528,1732,0
529,1734,0
530,1736,0
531,1738,0
532,1742,0
533,1743,0
534,1746,0
535,1748,0
536,1749,0
537,1751,0
538,1758,0
539,1764,0
540,1765,0
541,1777,0
542,1778,0
543,1781,0
544,1782,0
545,1783,0
546,1785,0
547,1788,0
548,1793,0
549,1794,0
550,1795,0
551,1797,0
552,1800,0
553,1801,0
554,1805,0
555,1806,0
556,1819,0
557,1820,0
558,1825,0
559,1828,0
560,1829,0
561,1830,0
562,1839,0
563,1843,0
564,1844,0
565,1846,0
566,1849,0
567,1850,0
568,1854,0
569,1855,0
570,1858,0
571,1859,0
572,1862,0
573,1867,0
574,1868,0
575,1871,0
576,1872,0
577,1874,0
578,1876,0
579,1879,0
580,1884,0
581,1891,0
582,1894,0
583,1896,0
584,1902,0
585,1903,0
586,1904,0
587,1906,0
588,1907,0
589,1912,0
590,1913,0
591,1923,0
592,1926,0
593,1928,0
594,1930,0
595,1931,0
596,1934,0
597,1936,0
598,1944,0
599,1946,0
600,1947,0
601,1958,0
602,1964,0
603,1970,0
604,1974,0
605,1977,0
606,1978,0
607,1982,0
608,1984,0
609,1988,0
610,1993,0
611,1997,0
612,1998,0
613,2002,0
614,2004,0
615,2005,0
616,2008,0
617,2011,0
618,2013,0
619,2018,0
620,2021,0
621,2025,0
622,2029,0
623,2030,0
624,2032,0
625,2037,0
626,2041,0
627,2044,0
628,2048,0
629,2052,0
630,2053,0
631,2054,0
632,2062,0
633,2065,0
634,2066,0
635,2072,0
636,2079,0
637,2080,0
638,2085,0
639,2088,0
640,2090,0
641,2092,0
642,2093,0
643,2101,0
644,2104,0
645,2105,0
646,2106,0
647,2107,0
648,2120,0
649,2124,0
650,2127,0
651,2130,0
652,2132,0
653,2135,0
654,2137,0
655,2140,0
656,2143,0
657,2147,0
658,2151,0
659,2152,0
660,2155,0
661,2156,0
662,2162,0
663,2165,0
664,2166,0
665,2167,0
666,2168,0
667,2170,0
668,2178,0
669,2180,0
670,2182,0
671,2184,0
672,2185,0
673,2187,0
674,2196,0
675,2197,0
676,2199,0
677,2200,0
678,2201,0
679,2202,0
680,2206,0
681,2208,0
682,2218,0
683,2223,0
684,2224,0
685,2226,0
686,2228,0
687,2232,0
688,2234,0
689,2243,0
690,2247,0
691,2249,0
692,2252,0
693,2253,0
694,2259,0
695,2261,0
696,2264,0
697,2268,0
698,2269,0
699,2270,0
700,2276,0
701,2283,0
702,2287,0
703,2290,0
704,2291,0
705,2293,0
706,2295,0
707,2302,0
708,2305,0
709,2310,0
710,2313,0
711,2316,0
712,2320,0
713,2322,0
714,2323,0
715,2326,0
716,2328,0
717,2331,0
718,2335,0
719,2338,0
720,2343,0
721,2344,0
722,2345,0
723,2353,0
724,2355,0
725,2357,0
726,2360,0
727,2365,0
728,2369,0
729,2371,0
730,2378,0
731,2380,0
732,2381,0
733,2383,0
734,2384,0
735,2392,0
736,2393,0
737,2401,0
738,2403,0
739,2404,0
740,2405,0
741,2407,0
742,2411,0
743,2424,0
744,2426,0
745,2431,0
746,2433,0
747,2434,0
748,2436,0
749,2439,0
750,2444,0
751,2447,0
752,2448,0
753,2449,0
754,2450,0
755,2461,0
756,2469,0
757,2472,0
758,2473,0
759,2474,0
760,2477,0
761,2481,0
762,2484,0
763,2495,0
764,2503,0
765,2509,0
766,2511,0
767,2518,0
768,2522,0
769,2525,0
770,2526,0
771,2529,0
772,2533,0
773,2549,0
774,2551,0
775,2558,0
776,2562,0
777,2563,0
778,2567,0
779,2574,0
780,2577,0
781,2578,0
782,2580,0
783,2581,0
784,2583,0
785,2584,0
786,2586,0
787,2589,0
788,2595,0
789,2596,0
790,2600,0
791,2601,0
792,2607,0
793,2610,0
794,2613,0
795,2615,0
796,2618,0
797,2620,0
798,2623,0
799,2626,0
800,2630,0
801,2634,0
802,2636,0
803,2638,0
804,2639,0
805,2646,0
806,2650,0
807,2652,0
808,2653,0
809,2654,0
810,2662,0
811,2665,0
812,2669,0
813,2674,0
814,2678,0
815,2681,0
816,2685,0
817,2686,0
818,2690,0
819,2697,0
820,2699,0
821,2704,0
822,2705,0
823,2710,0
824,2712,0
825,2713,0
826,2716,0
827,2717,0
828,2718,0
829,2721,0
830,2722,0
831,2735,0
832,2737,0
833,2738,0
834,2742,0
835,2745,0
836,2746,0
837,2747,0
838,2750,0
839,2751,0
840,2754,0
841,2762,0
842,2764,0
843,2772,0
844,2775,0
845,2776,0
846,2779,0
847,2781,0
848,2789,0
849,2790,0
850,2791,0
851,2798,0
852,2800,0
853,2804,0
854,2805,0
855,2806,0
856,2809,0
857,2810,0
858,2812,0
859,2814,0
860,2816,0
861,2818,0
862,2823,0
863,2824,0
864,2834,0
865,2837,0
866,2840,0
867,2845,0
868,2847,0
869,2848,0
870,2850,0
871,2859,0
872,2862,0
873,2868,0
874,2874,0
875,2876,0
876,2892,0
877,2894,0
878,2897,0
879,2901,0
880,2903,0
881,2904,0
882,2906,0
883,2914,0
884,2918,0
885,2919,0
886,2923,0
887,2926,0
888,2928,0
889,2930,0
890,2938,0
891,2940,0
892,2949,0
893,2951,0
894,2958,0
895,2961,0
896,2962,0
897,2964,0
898,2966,0
899,2967,0
900,2968,0
901,2972,0
902,2977,0
903,2978,0
904,2979,0
905,2981,0
906,2985,0
907,2986,0
908,2989,0
909,2994,0
910,2996,0
911,2997,0
912,2999,0
913,3002,0
914,3007,0
915,3008,0
916,3017,0
917,3020,0
918,3024,0
919,3028,0
920,3031,0
921,3032,0
922,3033,0
923,3035,0
924,3040,0
925,3041,0
926,3046,0
927,3050,0
928,3063,0
929,3065,0
930,3067,0
931,3069,0
932,3076,0
933,3078,0
934,3081,0
935,3087,0
936,3088,0
937,3094,0
938,3096,0
939,3098,0
940,3103,0
941,3110,0
942,3113,0
943,3121,0
944,3127,0
945,3128,0
946,3129,0
947,3135,0
948,3143,0
949,3146,0
950,3148,0
951,3149,0
952,3151,0
953,3156,0
954,3160,0
955,3164,0
956,3169,0
957,3178,0
958,3187,0
959,3194,0
960,3202,0
961,3203,0
962,3204,0
963,3206,0
964,3207,0
965,3208,0
966,3209,0
967,3213,0
968,3214,0
969,3215,0
970,3220,0
971,3223,0
972,3224,0
973,3226,0
974,3228,0
975,3230,0
976,3232,0
977,3233,0
978,3234,0
979,3238,0
980,3246,0
981,3247,0
982,3250,0
983,3251,0
984,3254,0
985,3257,0
986,3258,0
987,3261,0
988,3267,0
989,3268,0
990,3269,0
991,3271,0
992,3272,0
993,3273,0
994,3279,0
995,3290,0
996,3291,0
997,3293,0
998,3294,0
999,3298,0
1000,3305,0
1001,3306,0
1002,3307,0
1003,3310,0
1004,3313,0
1005,3314,0
1006,3315,0
1007,3316,0
1008,3321,0
1009,3325,0
1010,3326,0
1011,3327,0
1012,3330,0
1013,3331,0
1014,3332,0
1015,3333,0
1016,3343,0
1017,3344,0
1018,3348,0
1019,3349,0
1020,3350,0
1021,3352,0
1022,3353,0
1023,3354,0
1024,3358,0
1025,3360,0
1026,3366,0
1027,3371,0
1028,3374,0
1029,3375,0
1030,3378,0
1031,3382,0
1032,3384,0
1033,3385,0
1034,3386,0
1035,3392,0
1036,3399,0
1037,3407,0
1038,3409,0
1039,3416,0
1040,3420,0
1041,3422,0
1042,3424,0
1043,3426,0
1044,3427,0
1045,3434,0
1046,3438,0
1047,3441,0
1048,3442,0
1049,3443,0
1050,3444,0
1051,3449,0
1052,3453,0
1053,3454,0
1054,3456,0
1055,3457,0
1056,3458,0
1057,3461,0
1058,3467,0
1059,3479,0
1060,3488,0
1061,3491,0
1062,3496,0
1063,3502,0
1064,3507,0
1065,3511,0
1066,3515,0
1067,3516,0
1068,3538,0
1069,3539,0
1070,3541,0
1071,3545,0
1072,3546,0
1073,3547,0
1074,3551,0
1075,3553,0
1076,3556,0
1077,3558,0
1078,3559,0
1079,3561,0
1080,3562,0
1081,3563,0
1082,3564,0
1083,3571,0
1084,3574,0
1085,3576,0
1086,3577,0
1087,3579,0
1088,3580,0
1089,3586,0
1090,3590,0
1091,3599,0
1092,3600,0
1093,3601,0
1094,3605,0
1095,3606,0
1096,3612,0
1097,3614,0
1098,3615,0
1099,3616,0
1100,3620,0
1101,3622,0
1102,3624,0
1103,3630,0
1104,3644,0
1105,3649,0
1106,3651,0
1107,3654,0
1108,3665,0
1109,3668,0
1110,3671,0
1111,3672,0
1112,3673,0
1113,3677,0
1114,3678,0
1115,3687,0
1116,3688,0
1117,3693,0
1118,3698,0
1119,3699,0
1120,3701,0
1121,3703,0
1122,3706,0
1123,3707,0
1124,3709,0
1125,3711,0
1126,3714,0
1127,3716,0
1128,3720,0
1129,3728,0
1130,3731,0
1131,3732,0
1132,3733,0
1133,3734,0
1134,3740,0
1135,3746,0
1136,3749,0
1137,3751,0
1138,3755,0
1139,3757,0
1140,3762,0
1141,3767,0
1142,3769,0
1143,3779,0
1144,3781,0
1145,3782,0
1146,3783,0
1147,3784,0
1148,3790,0
1149,3791,0
1150,3792,0
1151,3794,0
1152,3799,0
1153,3801,0
1154,3804,0
1155,3808,0
1156,3809,0
1157,3811,0
1158,3813,0
1159,3817,0
1160,3818,0
1161,3823,0
1162,3843,0
1163,3844,0
1164,3846,0
1165,3847,0
1166,3852,0
1167,3854,0
1168,3856,0
1169,3863,0
1170,3865,0
1171,3867,0
1172,3871,0
1173,3872,0
1174,3878,0
1175,3880,0
1176,3881,0
1177,3882,0
1178,3883,0
1179,3884,0
1180,3885,0
1181,3886,0
1182,3890,0
1183,3891,0
1184,3898,0
1185,3902,0
1186,3909,0
1187,3910,0
1188,3912,0
1189,3915,0
1190,3918,0
1191,3920,0
1192,3925,0
1193,3928,0
1194,3929,0
1195,3930,0
1196,3931,0
1197,3934,0
1198,3939,0
1199,3941,0
1200,3942,0
1201,3943,0
1202,3946,0
1203,3963,0
1204,3965,0
1205,3966,0
1206,3971,0
1207,3972,0
1208,3974,0
1209,3976,0
1210,3978,0
1211,3981,0
1212,3985,0
1213,3986,0
1214,3987,0
1215,3988,0
1216,3991,0
1217,3999,0
1218,4001,0
1219,4002,0
1220,4004,0
1221,4007,0
1222,4009,0
1223,4013,0
1224,4015,0
1225,4016,0
1226,4023,0
1227,4031,0
1228,4035,0
1229,4036,0
1230,4037,0
1231,4040,0
1232,4048,0
1233,4053,0
1234,4056,0
1235,4059,0
1236,4066,0
1237,4067,0
1238,4069,0
1239,4070,0
1240,4071,0
1241,4073,0
1242,4074,0
1243,4075,0
1244,4082,0
1245,4090,0
1246,4099,0
1247,4102,0
1248,4106,0
1249,4109,0
1250,4110,0
1251,4115,0
1252,4118,0
1253,4120,0
1254,4125,0
1255,4126,0
1256,4130,0
1257,4134,0
1258,4136,0
1259,4137,0
1260,4144,0
1261,4148,0
1262,4151,0
1263,4155,0
1264,4162,0
1265,4165,0
1266,4169,0
1267,4174,0
1268,4179,0
1269,4185,0
1270,4186,0
1271,4187,0
1272,4188,0
1273,4190,0
1274,4192,0
1275,4193,0
1276,4194,0
1277,4195,0
1278,4196,0
1279,4207,0
1280,4208,0
1281,4215,0
1282,4217,0
1283,4222,0
1284,4223,0
1285,4226,0
1286,4228,0
1287,4229,0
1288,4231,0
1289,4234,0
1290,4236,0
1291,4249,0
1292,4254,0
1293,4258,0
1294,4259,0
1295,4263,0
1296,4267,0
1297,4277,0
1298,4278,0
1299,4280,0
1300,4283,0
1301,4285,0
1302,4286,0
1303,4287,0
1304,4290,0
1305,4291,0
1306,4294,0
1307,4302,0
1308,4308,0
1309,4310,0
1310,4311,0
1311,4315,0
1312,4316,0
1313,4319,0
1314,4331,0
1315,4338,0
1316,4339,0
1317,4340,0
1318,4344,0
1319,4346,0
1320,4347,0
1321,4360,0
1322,4364,0
1323,4367,0
1324,4369,0
1325,4370,0
1326,4371,0
1327,4380,0
1328,4386,0
1329,4389,0
1330,4390,0
1331,4394,0
1332,4399,0
1333,4400,0
1334,4404,0
1335,4409,0
1336,4414,0
1337,4417,0
1338,4418,0
1339,4419,0
1340,4420,0
1341,4422,0
1342,4429,0
1343,4431,0
1344,4433,0
1345,4434,0
1346,4439,0
1347,4443,0
1348,4446,0
1349,4447,0
1350,4453,0
1351,4460,0
1352,4461,0
1353,4462,0
1354,4467,0
1355,4469,0
1356,4473,0
1357,4474,0
1358,4475,0
1359,4477,0
1360,4481,0
1361,4483,0
1362,4484,0
1363,4485,0
1364,4495,0
1365,4497,0
1366,4500,0
1367,4501,0
1368,4502,0
1369,4505,0
1370,4506,0
1371,4510,0
1372,4512,0
1373,4513,0
1374,4532,0
1375,4535,0
1376,4536,0
1377,4540,0
1378,4545,0
1379,4552,0
1380,4554,0
1381,4555,0
1382,4558,0
1383,4559,0
1384,4560,0
1385,4566,0
1386,4570,0
1387,4572,0
1388,4574,0
1389,4581,0
1390,4583,0
1391,4586,0
1392,4591,0
1393,4594,0
1394,4603,0
1395,4605,0
1396,4612,0
1397,4613,0
1398,4615,0
1399,4618,0
1400,4621,0
1401,4623,0
1402,4626,0
1403,4629,0
1404,4633,0
1405,4636,0
1406,4638,0
1407,4640,0
1408,4643,0
1409,4645,0
1410,4647,0
1411,4648,0
1412,4651,0
1413,4652,0
1414,4653,0
1415,4654,0
1416,4660,0
1417,4662,0
1418,4663,0
1419,4665,0
1420,4668,0
1421,4676,0
1422,4683,0
1423,4685,0
1424,4686,0
1425,4701,0
1426,4718,0
1427,4721,0
1428,4727,0
1429,4728,0
1430,4733,0
1431,4741,0
1432,4743,0
1433,4746,0
1434,4751,0
1435,4756,0
1436,4761,0
1437,4763,0
1438,4764,0
1439,4767,0
1440,4772,0
1441,4776,0
1442,4780,0
1443,4781,0
1444,4792,0
1445,4796,0
1446,4801,0
1447,4804,0
1448,4805,0
1449,4806,0
1450,4811,0
1451,4815,0
1452,4816,0
1453,4817,0
1454,4818,0
1455,4822,0
1456,4824,0
1457,4827,0
1458,4837,0
1459,4838,0
1460,4839,0
1461,4841,0
1462,4851,0
1463,4855,0
1464,4861,0
1465,4862,0
1466,4863,0
1467,4865,0
1468,4871,0
1469,4873,0
1470,4880,0
1471,4885,0
1472,4886,0
1473,4902,0
1474,4904,0
1475,4907,0
1476,4916,0
1477,4921,0
1478,4925,0
1479,4927,0
1480,4928,0
1481,4930,0
1482,4932,0
1483,4933,0
1484,4937,0
1485,4939,0
1486,4941,0
1487,4942,0
1488,4947,0
1489,4949,0
1490,4950,0
1491,4956,0
1492,4960,0
1493,4963,0
1494,4965,0
1495,4976,0
1496,4977,0
1497,4987,0
1498,4991,0
1499,4994,0
1500,4999,0
1501,5003,0
1502,5006,0
1503,5009,0
1504,5011,0
1505,5012,0
1506,5014,0
1507,5020,0
1508,5021,0
1509,5023,0
1510,5026,0
1511,5030,0
1512,5031,0
1513,5036,0
1514,5042,0
1515,5045,0
1516,5048,0
1517,5051,0
1518,5053,0
1519,5054,0
1520,5057,0
1521,5058,0
1522,5066,0
1523,5070,0
1524,5077,0
1525,5081,0
1526,5084,0
1527,5086,0
1528,5090,0
1529,5091,0
1530,5093,0
1531,5100,0
1532,5108,0
1533,5111,0
1534,5112,0
1535,5118,0
1536,5121,0
1537,5123,0
1538,5129,0
1539,5133,0
1540,5143,0
1541,5147,0
1542,5151,0
1543,5156,0
1544,5158,0
1545,5161,0
1546,5163,0
1547,5167,0
1548,5173,0
1549,5205,0
1550,5214,0
1551,5215,0
1552,5216,0
1553,5217,0
1554,5225,0
1555,5237,0
1556,5239,0
1557,5240,0
1558,5241,0
1559,5246,0
1560,5250,0
1561,5253,0
1562,5258,0
1563,5261,0
1564,5268,0
1565,5275,0
1566,5277,0
1567,5279,0
1568,5288,0
1569,5289,0
1570,5294,0
1571,5303,0
1572,5307,0
1573,5311,0
1574,5312,0
1575,5314,0
1576,5318,0
1577,5327,0
1578,5329,0
1579,5333,0
1580,5334,0
1581,5340,0
1582,5348,0
1583,5358,0
1584,5360,0
1585,5361,0
1586,5363,0
1587,5364,0
1588,5369,0
1589,5370,0
1590,5374,0
1591,5376,0
1592,5388,0
1593,5390,0
1594,5393,0
1595,5394,0
1596,5395,0
1597,5398,0
1598,5399,0
1599,5401,0
1600,5402,0
1601,5405,0
1602,5414,0
1603,5415,0
1604,5419,0
1605,5421,0
1606,5422,0
1607,5424,0
1608,5427,0
1609,5429,0
1610,5431,0
1611,5433,0
1612,5434,0
1613,5435,0
1614,5436,0
1615,5438,0
1616,5440,0
1617,5441,0
1618,5447,0
1619,5451,0
1620,5453,0
1621,5456,0
1622,5457,0
1623,5463,0
1624,5464,0
1625,5470,0
1626,5472,0
1627,5474,0
1628,5478,0
1629,5483,0
1630,5490,0
1631,5500,0
1632,5504,0
1633,5508,0
1634,5511,0
1635,5512,0
1636,5513,0
1637,5516,0
1638,5523,0
1639,5527,0
1640,5530,0
1641,5533,0
1642,5536,0
1643,5537,0
1644,5542,0
1645,5543,0
1646,5546,0
1647,5549,0
1648,5550,0
1649,5551,0
1650,5562,0
1651,5566,0
1652,5568,0
1653,5571,0
1654,5572,0
1655,5574,0
1656,5583,0
1657,5585,0
1658,5591,0
1659,5596,0
1660,5597,0
1661,5601,0
1662,5606,0
1663,5607,0
1664,5610,0
1665,5615,0
1666,5616,0
1667,5623,0
1668,5630,0
1669,5636,0
1670,5637,0
1671,5639,0
1672,5640,0
1673,5643,0
1674,5648,0
1675,5649,0
1676,5660,0
1677,5666,0
1678,5667,0
1679,5678,0
1680,5679,0
1681,5681,0
1682,5682,0
1683,5691,0
1684,5696,0
1685,5697,0
1686,5700,0
1687,5701,0
1688,5702,0
1689,5708,0
1690,5709,0
1691,5718,0
1692,5723,0
1693,5725,0
1694,5728,0
1695,5731,0
1696,5735,0
1697,5737,0
1698,5738,0
1699,5742,0
1700,5747,0
1701,5749,0
1702,5750,0
1703,5755,0
1704,5756,0
1705,5761,0
1706,5762,0
1707,5767,0
1708,5768,0
1709,5770,0
1710,5773,0
1711,5774,0
1712,5779,0
1713,5782,0
1714,5785,0
1715,5786,0
1716,5787,0
1717,5788,0
1718,5796,0
1719,5802,0
1720,5806,0
1721,5809,0
1722,5810,0
1723,5811,0
1724,5813,0
1725,5820,0
1726,5823,0
1727,5830,0
1728,5831,0
1729,5838,0
1730,5839,0
1731,5844,0
1732,5846,0
1733,5851,0
1734,5852,0
1735,5857,0
1736,5859,0
1737,5860,0
1738,5862,0
1739,5865,0
1740,5866,0
1741,5871,0
1742,5872,0
1743,5877,0
1744,5878,0
1745,5879,0
1746,5880,0
1747,5895,0
1748,5897,0
1749,5910,0
1750,5914,0
1751,5915,0
1752,5917,0
1753,5924,0
1754,5926,0
1755,5931,0
1756,5936,0
1757,5940,0
1758,5941,0
1759,5945,0
1760,5946,0
1761,5948,0
1762,5951,0
1763,5967,0
1764,5968,0
1765,5969,0
1766,5970,0
1767,5971,0
1768,5973,0
1769,5976,0
1770,5977,0
1771,5984,0
1772,5986,0
1773,5993,0
1774,5994,0
1775,6005,0
1776,6006,0
1777,6008,0
1778,6010,0
1779,6011,0
1780,6014,0
1781,6016,0
1782,6018,0
1783,6021,0
1784,6025,0
1785,6028,0
1786,6029,0
1787,6035,0
1788,6040,0
1789,6042,0
1790,6044,0
1791,6046,0
1792,6052,0
1793,6054,0
1794,6062,0
1795,6063,0
1796,6067,0
1797,6068,0
1798,6077,0
1799,6079,0
1800,6080,0
1801,6081,0
1802,6082,0
1803,6089,0
1804,6095,0
1805,6101,0
1806,6107,0
1807,6114,0
1808,6117,0
1809,6121,0
1810,6122,0
1811,6124,0
1812,6129,0
1813,6131,0
1814,6136,0
1815,6139,0
1816,6142,0
1817,6143,0
1818,6144,0
1819,6149,0
1820,6155,0
1821,6157,0
1822,6158,0
1823,6161,0
1824,6168,0
1825,6172,0
1826,6176,0
1827,6177,0
1828,6179,0
1829,6180,0
1830,6182,0
1831,6186,0
1832,6189,0
1833,6190,0
1834,6194,0
1835,6204,0
1836,6205,0
1837,6209,0
1838,6210,0
1839,6212,0
1840,6214,0
1841,6221,0
1842,6225,0
1843,6228,0
1844,6229,0
1845,6231,0
1846,6235,0
1847,6236,0
1848,6237,0
1849,6238,0
1850,6239,0
1851,6242,0
1852,6249,0
1853,6250,0
1854,6251,0
1855,6252,0
1856,6260,0
1857,6264,0
1858,6266,0
1859,6270,0
1860,6275,0
1861,6279,0
1862,6280,0
1863,6284,0
1864,6285,0
1865,6286,0
1866,6287,0
1867,6288,0
1868,6289,0
1869,6290,0
1870,6291,0
1871,6295,0
1872,6298,0
1873,6307,0
1874,6308,0
1875,6309,0
1876,6313,0
1877,6316,0
1878,6319,0
1879,6321,0
1880,6324,0
1881,6327,0
1882,6333,0
1883,6351,0
1884,6352,0
1885,6353,0
1886,6357,0
1887,6359,0
1888,6360,0
1889,6364,0
1890,6367,0
1891,6368,0
1892,6377,0
1893,6378,0
1894,6379,0
1895,6381,0
1896,6390,0
1897,6401,0
1898,6408,0
1899,6409,0
1900,6411,0
1901,6419,0
1902,6424,0
1903,6426,0
1904,6428,0
1905,6431,0
1906,6432,0
1907,6433,0
1908,6435,0
1909,6437,0
1910,6439,0
1911,6442,0
1912,6444,0
1913,6447,0
1914,6456,0
1915,6457,0
1916,6460,0
1917,6468,0
1918,6471,0
1919,6475,0
1920,6476,0
1921,6479,0
1922,6483,0
1923,6487,0
1924,6488,0
1925,6489,0
1926,6496,0
1927,6498,0
1928,6502,0
1929,6503,0
1930,6507,0
1931,6508,0
1932,6509,0
1933,6517,0
1934,6521,0
1935,6522,0
1936,6524,0
1937,6526,0
1938,6531,0
1939,6533,0
1940,6538,0
1941,6539,0
1942,6544,0
1943,6557,0
1944,6558,0
1945,6562,0
1946,6563,0
1947,6564,0
1948,6574,0
1949,6578,0
1950,6581,0
1951,6584,0
1952,6587,0
1953,6589,0
1954,6590,0
1955,6592,0
1956,6595,0
1957,6599,0
1958,6600,0
1959,6606,0
1960,6609,0
1961,6612,0
1962,6615,0
1963,6618,0
1964,6620,0
1965,6623,0
1966,6633,0
1967,6639,0
1968,6640,0
1969,6641,0
1970,6645,0
1971,6650,0
1972,6651,0
1973,6652,0
1974,6657,0
1975,6659,0
1976,6666,0
1977,6671,0
1978,6673,0
1979,6674,0
1980,6677,0
1981,6680,0
1982,6684,0
1983,6685,0
1984,6691,0
1985,6692,0
1986,6696,0
1987,6698,0
1988,6704,0
1989,6705,0
1990,6710,0
1991,6713,0
1992,6715,0
1993,6717,0
1994,6718,0
1995,6720,0
1996,6728,0
1997,6732,0
1998,6733,0
1999,6739,0
2000,6740,0
2001,6741,0
2002,6743,0
2003,6747,0
2004,6750,0
2005,6752,0
2006,6753,0
2007,6755,0
2008,6761,0
2009,6763,0
2010,6768,0
2011,6770,0
2012,6771,0
2013,6777,0
2014,6778,0
2015,6780,0
2016,6782,0
2017,6786,0
2018,6791,0
2019,6797,0
2020,6798,0
2021,6803,0
2022,6805,0
2023,6812,0
2024,6816,0
2025,6818,0
2026,6822,0
2027,6825,0
2028,6826,0
2029,6827,0
2030,6829,0
2031,6831,0
2032,6836,0
2033,6838,0
2034,6840,0
2035,6842,0
2036,6846,0
2037,6851,0
2038,6853,0
2039,6856,0
2040,6859,0
2041,6865,0
2042,6866,0
2043,6868,0
2044,6869,0
2045,6871,0
2046,6873,0
2047,6886,0
2048,6887,0
2049,6888,0
2050,6889,0
2051,6891,0
2052,6894,0
2053,6895,0
2054,6899,0
2055,6901,0
2056,6902,0
2057,6904,0
2058,6906,0
2059,6922,0
2060,6923,0
2061,6924,0
2062,6927,0
2063,6934,0
2064,6938,0
2065,6941,0
2066,6942,0
2067,6944,0
2068,6947,0
2069,6952,0
2070,6957,0
2071,6958,0
2072,6964,0
2073,6968,0
2074,6969,0
2075,6976,0
2076,6982,0
2077,6986,0
2078,6987,0
2079,6989,0
2080,6991,0
2081,6993,0
2082,6995,0
2083,6997,0
2084,7000,0
2085,7003,0
2086,7004,0
2087,7007,0
2088,7011,0
2089,7014,0
2090,7016,0
2091,7017,0
2092,7020,0
2093,7022,0
2094,7028,0
2095,7033,0
2096,7034,0
2097,7035,0
2098,7038,0
2099,7040,0
2100,7041,0
2101,7042,0
2102,7045,0
2103,7049,0
2104,7055,0
2105,7057,0
2106,7062,0
2107,7064,0
2108,7066,0
2109,7067,0
2110,7072,0
2111,7079,0
2112,7082,0
2113,7083,0
2114,7084,0
2115,7085,0
2116,7087,0
2117,7090,0
2118,7094,0
2119,7096,0
2120,7099,0
2121,7100,0
2122,7101,0
2123,7102,0
2124,7103,0
2125,7107,0
2126,7110,0
2127,7113,0
2128,7117,0
2129,7119,0
2130,7123,0
2131,7127,0
2132,7133,0
2133,7139,0
2134,7143,0
2135,7145,0
2136,7151,0
2137,7152,0
2138,7153,0
2139,7156,0
2140,7162,0
2141,7170,0
2142,7172,0
2143,7177,0
2144,7181,0
2145,7182,0
2146,7189,0
2147,7190,0
2148,7200,0
2149,7207,0
2150,7209,0
2151,7212,0
2152,7216,0
2153,7217,0
2154,7219,0
2155,7220,0
2156,7222,0
2157,7225,0
2158,7233,0
2159,7237,0
2160,7238,0
2161,7239,0
2162,7240,0
2163,7243,0
2164,7245,0
2165,7246,0
2166,7249,0
2167,7257,0
2168,7258,0
2169,7259,0
2170,7262,0
2171,7263,0
2172,7269,0
2173,7271,0
2174,7273,0
2175,7276,0
2176,7279,0
2177,7282,0
2178,7284,0
2179,7293,0
2180,7298,0
2181,7303,0
2182,7304,0
2183,7305,0
2184,7308,0
2185,7313,0
2186,7314,0
2187,7321,0
2188,7322,0
2189,7327,0
2190,7333,0
2191,7336,0
2192,7339,0
2193,7341,0
2194,7346,0
2195,7347,0
2196,7349,0
2197,7351,0
2198,7353,0
2199,7363,0
2200,7364,0
2201,7368,0
2202,7370,0
2203,7375,0
2204,7376,0
2205,7379,0
2206,7382,0
2207,7384,0
2208,7385,0
2209,7387,0
2210,7388,0
2211,7389,0
2212,7394,0
2213,7396,0
2214,7398,0
2215,7399,0
2216,7401,0
2217,7404,0
2218,7406,0
2219,7409,0
2220,7411,0
2221,7417,0
2222,7420,0
2223,7422,0
2224,7423,0
2225,7427,0
2226,7429,0
2227,7432,0
2228,7435,0
2229,7436,0
2230,7440,0
2231,7441,0
2232,7445,0
2233,7448,0
2234,7449,0
2235,7450,0
2236,7454,0
2237,7455,0
2238,7460,0
2239,7462,0
2240,7464,0
2241,7466,0
2242,7468,0
2243,7469,0
2244,7471,0
2245,7472,0
2246,7483,0
2247,7484,0
2248,7485,0
2249,7486,0
2250,7487,0
2251,7489,0
2252,7492,0
2253,7495,0
2254,7499,0
2255,7500,0
2256,7506,0
2257,7508,0
2258,7509,0
2259,7511,0
2260,7516,0
2261,7524,0
2262,7538,0
2263,7539,0
2264,7541,0
2265,7546,0
2266,7549,0
2267,7562,0
2268,7564,0
2269,7567,0
2270,7572,0
2271,7574,0
2272,7575,0
2273,7586,0
2274,7592,0
2275,7596,0
2276,7597,0
2277,7599,0
2278,7606,0
2279,7615,0
2280,7618,0
2281,7620,0
2282,7624,0
2283,7625,0
2284,7629,0
2285,7632,0
2286,7636,0
2287,7637,0
2288,7646,0
2289,7655,0
2290,7658,0
2291,7660,0
2292,7664,0
2293,7665,0
2294,7666,0
2295,7667,0
2296,7673,0
2297,7676,0
2298,7682,0
2299,7684,0
2300,7690,0
2301,7697,0
2302,7700,0
2303,7704,0
2304,7705,0
2305,7706,0
2306,7708,0
2307,7709,0
2308,7710,0
2309,7713,0
2310,7716,0
2311,7726,0
2312,7729,0
2313,7730,0
2314,7732,0
2315,7734,0
2316,7740,0
2317,7741,0
2318,7745,0
2319,7757,0
2320,7762,0
2321,7770,0
2322,7776,0
2323,7777,0
2324,7778,0
2325,7779,0
2326,7782,0
2327,7786,0
2328,7791,0
2329,7792,0
2330,7794,0
2331,7795,0
2332,7796,0
2333,7798,0
2334,7805,0
2335,7806,0
2336,7808,0
2337,7811,0
2338,7814,0
2339,7819,0
2340,7820,0
2341,7825,0
2342,7829,0
2343,7834,0
2344,7836,0
2345,7838,0
2346,7841,0
2347,7845,0
2348,7846,0
2349,7853,0
2350,7856,0
2351,7858,0
2352,7859,0
2353,7866,0
2354,7875,0
2355,7879,0
2356,7884,0
2357,7886,0
2358,7890,0
2359,7892,0
2360,7896,0
2361,7899,0
2362,7900,0
2363,7901,0
2364,7904,0
2365,7911,0
2366,7917,0
2367,7919,0
2368,7920,0
2369,7921,0
2370,7922,0
2371,7925,0
2372,7927,0
2373,7928,0
2374,7931,0
2375,7942,0
2376,7946,0
2377,7947,0
2378,7948,0
2379,7951,0
2380,7956,0
2381,7961,0
2382,7964,0
2383,7966,0
2384,7967,0
2385,7974,0
2386,7975,0
2387,7979,0
2388,7985,0
2389,7986,0
2390,7993,0
2391,7995,0
2392,7997,0
2393,7998,0
2394,8004,0
2395,8007,0
2396,8011,0
2397,8014,0
2398,8022,0
2399,8027,0
2400,8033,0
2401,8041,0
2402,8042,0
2403,8046,0
2404,8048,0
2405,8050,0
2406,8051,0
2407,8052,0
2408,8053,0
2409,8054,0
2410,8059,0
2411,8063,0
2412,8072,0
2413,8075,0
2414,8076,0
2415,8077,0
2416,8078,0
2417,8080,0
2418,8082,0
2419,8086,0
2420,8090,0
2421,8092,0
2422,8093,0
2423,8099,0
2424,8104,0
2425,8107,0
2426,8108,0
2427,8114,0
2428,8115,0
2429,8117,0
2430,8123,0
2431,8124,0
2432,8127,0
2433,8132,0
2434,8134,0
2435,8139,0
2436,8145,0
2437,8148,0
2438,8151,0
2439,8152,0
2440,8153,0
2441,8157,0
2442,8160,0
2443,8166,0
2444,8167,0
2445,8173,0
2446,8174,0
2447,8178,0
2448,8179,0
2449,8185,0
2450,8186,0
2451,8192,0
2452,8193,0
2453,8194,0
2454,8197,0
2455,8198,0
2456,8199,0
2457,8200,0
2458,8206,0
2459,8207,0
2460,8220,0
2461,8222,0
2462,8227,0
2463,8228,0
2464,8229,0
2465,8230,0
2466,8233,0
2467,8248,0
2468,8249,0
2469,8255,0
2470,8260,0
2471,8263,0
2472,8265,0
2473,8268,0
2474,8269,0
2475,8272,0
2476,8273,0
2477,8275,0
2478,8277,0
2479,8281,0
2480,8282,0
2481,8290,0
2482,8293,0
2483,8299,0
2484,8302,0
2485,8303,0
2486,8305,0
2487,8306,0
2488,8307,0
2489,8308,0
2490,8313,0
2491,8316,0
2492,8319,0
2493,8322,0
2494,8323,0
2495,8325,0
2496,8326,0
2497,8327,0
2498,8328,0
2499,8331,0
2500,8333,0
2501,8336,0
2502,8338,0
2503,8340,0
2504,8342,0
2505,8343,0
2506,8353,0
2507,8354,0
2508,8357,0
2509,8358,0
2510,8359,0
2511,8373,0
2512,8376,0
2513,8379,0
2514,8380,0
2515,8381,0
2516,8384,0
2517,8395,0
2518,8398,0
2519,8403,0
2520,8407,0
2521,8413,0
2522,8417,0
2523,8420,0
2524,8421,0
2525,8424,0
2526,8426,0
2527,8427,0
2528,8438,0
2529,8439,0
2530,8442,0
2531,8449,0
2532,8456,0
2533,8460,0
2534,8462,0
2535,8465,0
2536,8466,0
2537,8467,0
2538,8469,0
2539,8470,0
2540,8474,0
2541,8479,0
2542,8481,0
2543,8482,0
2544,8485,0
2545,8488,0
2546,8492,0
2547,8493,0
2548,8495,0
2549,8499,0
2550,8501,0
2551,8519,0
2552,8521,0
2553,8525,0
2554,8527,0
2555,8529,0
2556,8532,0
2557,8534,0
2558,8535,0
2559,8537,0
2560,8544,0
2561,8548,0
2562,8549,0
2563,8552,0
2564,8554,0
2565,8563,0
2566,8564,0
2567,8565,0
2568,8566,0
2569,8568,0
2570,8569,0
2571,8573,0
2572,8583,0
2573,8588,0
2574,8590,0
2575,8592,0
2576,8593,0
2577,8594,0
2578,8597,0
2579,8600,0
2580,8601,0
2581,8602,0
2582,8603,0
2583,8604,0
2584,8605,0
2585,8611,0
2586,8614,0
2587,8616,0
2588,8617,0
2589,8619,0
2590,8626,0
2591,8629,0
2592,8630,0
2593,8632,0
2594,8634,0
2595,8641,0
2596,8645,0
2597,8649,0
2598,8652,0
2599,8666,0
2600,8671,0
2601,8672,0
2602,8675,0
2603,8678,0
2604,8679,0
2605,8682,0
2606,8687,0
2607,8701,0
2608,8703,0
2609,8707,0
2610,8713,0
2611,8716,0
2612,8719,0
2613,8725,0
2614,8730,0
2615,8731,0
2616,8748,0
2617,8749,0
2618,8756,0
2619,8764,0
2620,8765,0
2621,8769,0
2622,8771,0
2623,8772,0
2624,8773,0
2625,8779,0
2626,8792,0
2627,8794,0
2628,8796,0
2629,8798,0
2630,8803,0
2631,8807,0
2632,8809,0
2633,8811,0
2634,8813,0
2635,8814,0
2636,8818,0
2637,8819,0
2638,8820,0
2639,8821,0
2640,8822,0
2641,8824,0
2642,8826,0
2643,8827,0
2644,8828,0
2645,8833,0
2646,8834,0
2647,8845,0
2648,8847,0
2649,8849,0
2650,8861,0
2651,8867,0
2652,8868,0
2653,8870,0
2654,8873,0
2655,8874,0
2656,8876,0
2657,8877,0
2658,8879,0
2659,8882,0
2660,8884,0
2661,8889,0
2662,8891,0
2663,8894,0
2664,8895,0
2665,8897,0
2666,8898,0
2667,8901,0
2668,8904,0
2669,8909,0
2670,8910,0
2671,8911,0
2672,8915,0
2673,8917,0
2674,8918,0
2675,8919,0
2676,8922,0
2677,8925,0
2678,8928,0
2679,8929,0
2680,8930,0
2681,8932,0
2682,8937,0
2683,8940,0
2684,8943,0
2685,8950,0
2686,8951,0
2687,8954,0
2688,8958,0
2689,8960,0
2690,8964,0
2691,8975,0
2692,8977,0
2693,8981,0
2694,8982,0
2695,8984,0
2696,8988,0
2697,8990,0
2698,8991,0
2699,8995,0
2700,8997,0
2701,9003,0
2702,9004,0
2703,9010,0
2704,9011,0
2705,9013,0
2706,9014,0
2707,9015,0
2708,9017,0
2709,9019,0
2710,9021,0
2711,9024,0
2712,9032,0
2713,9035,0
2714,9036,0
2715,9037,0
2716,9043,0
2717,9046,0
2718,9048,0
2719,9049,0
2720,9050,0
2721,9056,0
2722,9063,0
2723,9065,0
2724,9066,0
2725,9068,0
2726,9069,0
2727,9070,0
2728,9073,0
2729,9076,0
2730,9091,0
2731,9092,0
2732,9104,0
2733,9105,0
2734,9108,0
2735,9111,0
2736,9115,0
2737,9117,0
2738,9122,0
2739,9125,0
2740,9127,0
2741,9129,0
2742,9133,0
2743,9136,0
2744,9138,0
2745,9140,0
2746,9147,0
2747,9150,0
2748,9152,0
2749,9153,0
2750,9155,0
2751,9158,0
2752,9160,0
2753,9163,0
2754,9165,0
2755,9167,0
2756,9168,0
2757,9170,0
2758,9176,0
2759,9178,0
2760,9184,0
2761,9186,0
2762,9188,0
2763,9189,0
2764,9190,0
2765,9196,0
2766,9198,0
2767,9199,0
2768,9200,0
2769,9201,0
2770,9202,0
2771,9204,0
2772,9205,0
2773,9213,0
2774,9214,0
2775,9224,0
2776,9227,0
2777,9228,0
2778,9229,0
2779,9234,0
2780,9236,0
2781,9241,0
2782,9243,0
2783,9245,0
2784,9256,0
2785,9258,0
2786,9261,0
2787,9274,0
2788,9279,0
2789,9282,0
2790,9284,0
2791,9285,0
2792,9291,0
2793,9295,0
2794,9299,0
2795,9302,0
2796,9304,0
2797,9305,0
2798,9306,0
2799,9310,0
2800,9312,0
2801,9316,0
2802,9318,0
2803,9323,0
2804,9326,0
2805,9327,0
2806,9328,0
2807,9331,0
2808,9335,0
2809,9336,0
2810,9340,0
2811,9349,0
2812,9352,0
2813,9353,0
2814,9354,0
2815,9356,0
2816,9357,0
2817,9358,0
2818,9359,0
2819,9364,0
2820,9366,0
2821,9369,0
2822,9370,0
2823,9379,0
2824,9381,0
2825,9383,0
2826,9389,0
2827,9390,0
2828,9392,0
2829,9394,0
2830,9398,0
2831,9399,0
2832,9400,0
2833,9407,0
2834,9409,0
2835,9412,0
2836,9413,0
2837,9415,0
2838,9419,0
2839,9423,0
2840,9424,0
2841,9426,0
2842,9427,0
2843,9428,0
2844,9429,0
2845,9433,0
2846,9437,0
2847,9440,0
2848,9442,0
2849,9443,0
2850,9444,0
2851,9447,0
2852,9459,0
2853,9461,0
2854,9462,0
2855,9464,0
2856,9473,0
2857,9475,0
2858,9476,0
2859,9477,0
2860,9478,0
2861,9479,0
2862,9483,0
2863,9487,0
2864,9494,0
2865,9497,0
2866,9498,0
2867,9506,0
2868,9512,0
2869,9514,0
2870,9515,0
2871,9516,0
2872,9517,0
2873,9518,0
2874,9521,0
2875,9523,0
2876,9527,0
2877,9528,0
2878,9530,0
2879,9532,0
2880,9534,0
2881,9535,0
2882,9536,0
2883,9543,0
2884,9544,0
2885,9545,0
2886,9546,0
2887,9549,0
2888,9558,0
2889,9560,0
2890,9561,0
2891,9570,0
2892,9573,0
2893,9578,0
2894,9584,0
2895,9587,0
2896,9588,0
2897,9599,0
2898,9601,0
2899,9604,0
2900,9614,0
2901,9615,0
2902,9621,0
2903,9622,0
2904,9623,0
2905,9624,0
2906,9626,0
2907,9628,0
2908,9630,0
2909,9631,0
2910,9633,0
2911,9635,0
2912,9637,0
2913,9641,0
2914,9647,0
2915,9648,0
2916,9649,0
2917,9658,0
2918,9662,0
2919,9668,0
2920,9671,0
2921,9676,0
2922,9677,0
2923,9679,0
2924,9682,0
2925,9685,0
2926,9689,0
2927,9692,0
2928,9693,0
2929,9694,0
2930,9696,0
2931,9700,0
2932,9711,0
2933,9713,0
2934,9720,0
2935,9721,0
2936,9725,0
2937,9726,0
2938,9727,0
2939,9735,0
2940,9740,0
2941,9742,0
2942,9743,0
2943,9747,0
2944,9748,0
2945,9751,0
2946,9758,0
2947,9767,0
2948,9768,0
2949,9773,0
2950,9777,0
2951,9781,0
2952,9784,0
2953,9786,0
2954,9789,0
2955,9792,0
2956,9793,0
2957,9798,0
2958,9799,0
2959,9802,0
2960,9803,0
2961,9804,0
2962,9805,0
2963,9807,0
2964,9809,0
2965,9811,0
2966,9814,0
2967,9817,0
2968,9821,0
2969,9824,0
2970,9825,0
2971,9827,0
2972,9839,0
2973,9840,0
2974,9843,0
2975,9844,0
2976,9845,0
2977,9847,0
2978,9848,0
2979,9851,0
2980,9852,0
2981,9855,0
2982,9856,0
2983,9863,0
2984,9867,0
2985,9871,0
2986,9876,0
2987,9879,0
2988,9882,0
2989,9891,0
2990,9892,0
2991,9893,0
2992,9895,0
2993,9899,0
2994,9900,0
2995,9902,0
2996,9903,0
2997,9904,0
2998,9908,0
2999,9913,0
3000,9914,0
3001,9917,0
3002,9922,0
3003,9924,0
3004,9926,0
3005,9927,0
3006,9928,0
3007,9929,0
3008,9936,0
3009,9939,0
3010,9947,0
3011,9951,0
3012,9954,0
3013,9956,0
3014,9957,0
3015,9959,0
3016,9962,0
3017,9964,0
3018,9966,0
3019,9968,0
3020,9969,0
3021,9970,0
3022,9975,0
3023,9977,0
3024,9981,0
3025,9993,0
3026,9996,0
3027,9997,0
3028,9999,0
3029,10002,0
3030,10007,0
3031,10015,0
3032,10019,0
3033,10022,0
3034,10024,0
3035,10026,0
3036,10033,0
3037,10043,0
3038,10046,0
3039,10051,0
3040,10053,0
3041,10062,0
3042,10063,0
3043,10065,0
3044,10068,0
3045,10078,0
3046,10086,0
3047,10094,0
3048,10095,0
3049,10096,0
3050,10097,0
3051,10103,0
3052,10104,0
3053,10108,0
3054,10122,0
3055,10123,0
3056,10128,0
3057,10131,0
3058,10133,0
3059,10134,0
3060,10135,0
3061,10145,0
3062,10148,0
3063,10154,0
3064,10155,0
3065,10158,0
3066,10160,0
3067,10161,0
3068,10162,0
3069,10165,0
3070,10166,0
3071,10167,0
3072,10170,0
3073,10178,0
3074,10180,0
3075,10181,0
3076,10185,0
3077,10188,0
3078,10190,0
3079,10196,0
3080,10200,0
3081,10205,0
3082,10211,0
3083,10216,0
3084,10219,0
3085,10221,0
3086,10225,0
3087,10227,0
3088,10228,0
3089,10230,0
3090,10232,0
3091,10233,0
3092,10235,0
3093,10238,0
3094,10240,0
3095,10242,0
3096,10248,0
3097,10254,0
3098,10257,0
3099,10261,0
3100,10262,0
3101,10266,0
3102,10267,0
3103,10271,0
3104,10277,0
3105,10279,0
3106,10281,0
3107,10282,0
3108,10285,0
3109,10292,0
3110,10298,0
3111,10300,0
3112,10309,0
3113,10311,0
3114,10312,0
3115,10319,0
3116,10324,0
3117,10326,0
3118,10328,0
3119,10343,0
3120,10346,0
3121,10347,0
3122,10353,0
3123,10354,0
3124,10356,0
3125,10357,0
3126,10362,0
3127,10363,0
3128,10370,0
3129,10373,0
3130,10386,0
3131,10388,0
3132,10389,0
3133,10391,0
3134,10397,0
3135,10400,0
3136,10403,0
3137,10404,0
3138,10408,0
3139,10417,0
3140,10425,0
3141,10435,0
3142,10437,0
3143,10438,0
3144,10440,0
3145,10442,0
3146,10447,0
3147,10452,0
3148,10453,0
3149,10454,0
3150,10459,0
3151,10460,0
3152,10463,0
3153,10465,0
3154,10469,0
3155,10474,0
3156,10475,0
3157,10476,0
3158,10477,0
3159,10480,0
3160,10491,0
3161,10493,0
3162,10494,0
3163,10495,0
3164,10497,0
3165,10501,0
3166,10504,0
3167,10507,0
3168,10509,0
3169,10510,0
3170,10512,0
3171,10514,0
3172,10526,0
3173,10528,0
3174,10530,0
3175,10531,0
3176,10532,0
3177,10538,0
3178,10539,0
3179,10542,0
3180,10547,0
3181,10549,0
3182,10556,0
3183,10569,0
3184,10572,0
3185,10577,0
3186,10579,0
3187,10586,0
3188,10594,0
3189,10595,0
3190,10597,0
3191,10602,0
3192,10604,0
3193,10614,0
3194,10617,0
3195,10618,0
3196,10619,0
3197,10624,0
3198,10633,0
3199,10634,0
3200,10635,0
3201,10638,0
3202,10639,0
3203,10642,0
3204,10643,0
3205,10645,0
3206,10646,0
3207,10649,0
3208,10652,0
3209,10653,0
3210,10654,0
3211,10661,0
3212,10664,0
3213,10668,0
3214,10670,0
3215,10674,0
3216,10683,0
3217,10694,0
3218,10697,0
3219,10699,0
3220,10701,0
3221,10703,0
3222,10713,0
3223,10714,0
3224,10716,0
3225,10717,0
3226,10719,0
3227,10725,0
3228,10728,0
3229,10734,0
3230,10738,0
3231,10740,0
3232,10742,0
3233,10756,0
3234,10757,0
3235,10758,0
3236,10761,0
3237,10762,0
3238,10773,0
3239,10778,0
3240,10781,0
3241,10791,0
3242,10792,0
3243,10796,0
3244,10797,0
3245,10801,0
3246,10804,0
3247,10806,0
3248,10807,0
3249,10816,0
3250,10820,0
3251,10828,0
3252,10836,0
3253,10838,0
3254,10845,0
3255,10856,0
3256,10857,0
3257,10858,0
3258,10861,0
3259,10865,0
3260,10868,0
3261,10874,0
3262,10875,0
